Lap,Duration,Label
1,0.3010714054107666,step-2
2,0.5011932849884033,step-4
3,0.7010529041290283,step-6
